class,accuracy
other,1.0
grassland,1.0
cultivated_land,0.9555763823805061
kappa,0.9804251602235341
